<metadata xml:lang="en"><Esri><CreaDate>20160907</CreaDate><CreaTime>08110200</CreaTime><ArcGISFormat>1.0</ArcGISFormat><SyncOnce>FALSE</SyncOnce><DataProperties><lineage><Process ToolSource="c:\program files\arcgis\desktop10.2\ArcToolbox\Toolboxes\Data Management Tools.tbx\Project" Date="20140303" Time="114815">Project Precincts_3161 "Z:\ROV_Precincts\Regular Precincts\Precincts_3161_NAD83.shp" PROJCS['NAD_1983_StatePlane_California_VI_FIPS_0406_Feet',GEOGCS['GCS_North_American_1983',DATUM['D_North_American_1983',SPHEROID['GRS_1980',6378137.0,298.257222101]],PRIMEM['Greenwich',0.0],UNIT['Degree',0.0174532925199433]],PROJECTION['Lambert_Conformal_Conic'],PARAMETER['False_Easting',6561666.666666666],PARAMETER['False_Northing',1640416.666666667],PARAMETER['Central_Meridian',-116.25],PARAMETER['Standard_Parallel_1',32.78333333333333],PARAMETER['Standard_Parallel_2',33.88333333333333],PARAMETER['Latitude_Of_Origin',32.16666666666666],UNIT['Foot_US',0.3048006096012192]] # GEOGCS['GCS_GRS_1980',DATUM['D_GRS_1980',SPHEROID['GRS_1980',6378137.0,298.257222101]],PRIMEM['Greenwich',0.0],UNIT['Degree',0.0174532925199433]]</Process><Process ToolSource="c:\program files\arcgis\desktop10.2\ArcToolbox\Toolboxes\Conversion Tools.tbx\FeatureClassToFeatureClass" Date="20140305" Time="163640">FeatureClassToFeatureClass "Z:\ROV_Precincts\Regular Precincts\Precincts_3161_NAD83.shp" Z:\ROV_ARCGisData\ROV_DATA.gdb RegularPrecincts # "ID "ID" true true false 10 Double 0 10 ,First,#,Z:\ROV_Precincts\Regular Precincts\Precincts_3161_NAD83.shp,ID,-1,-1;AREA "AREA" true true false 10 Double 2 9 ,First,#,Z:\ROV_Precincts\Regular Precincts\Precincts_3161_NAD83.shp,AREA,-1,-1;PRIMARY_NE "PRIMARY_NE" true true false 8 Text 0 0 ,First,#,Z:\ROV_Precincts\Regular Precincts\Precincts_3161_NAD83.shp,PRIMARY_NE,-1,-1;PRIMARY_OL "PRIMARY_OL" true true false 15 Text 0 0 ,First,#,Z:\ROV_Precincts\Regular Precincts\Precincts_3161_NAD83.shp,PRIMARY_OL,-1,-1;SECONDARY "SECONDARY" true true false 10 Text 0 0 ,First,#,Z:\ROV_Precincts\Regular Precincts\Precincts_3161_NAD83.shp,SECONDARY,-1,-1;PRECINCT_A "PRECINCT_A" true true false 20 Text 0 0 ,First,#,Z:\ROV_Precincts\Regular Precincts\Precincts_3161_NAD83.shp,PRECINCT_A,-1,-1;JOINED_REM "JOINED_REM" true true false 254 Text 0 0 ,First,#,Z:\ROV_Precincts\Regular Precincts\Precincts_3161_NAD83.shp,JOINED_REM,-1,-1" #</Process><Process ToolSource="c:\program files (x86)\arcgis\desktop10.2\ArcToolbox\Toolboxes\Conversion Tools.tbx\FeatureClassToFeatureClass" Date="20140624" Time="143411">FeatureClassToFeatureClass RegPctsEdits \\ROVFPS\Departments\GIS\ROV_ARCGisData\ROV_DATA.gdb\REVDATASET RegPctsEdits # "OBJECTID "OBJECTID" true true false 9 Long 0 9 ,First,#,\\ROVFPS\Departments\GIS\ROV_Precincts\Regular Precincts\Export_OutputTT.shp,OBJECTID,-1,-1;ID "ID" true true false 19 Double 0 0 ,First,#,\\ROVFPS\Departments\GIS\ROV_Precincts\Regular Precincts\Export_OutputTT.shp,ID,-1,-1;AREA "AREA" true true false 19 Double 0 0 ,First,#,\\ROVFPS\Departments\GIS\ROV_Precincts\Regular Precincts\Export_OutputTT.shp,AREA,-1,-1;PRIMARY_NE "PRIMARY_NE" true true false 8 Text 0 0 ,First,#,\\ROVFPS\Departments\GIS\ROV_Precincts\Regular Precincts\Export_OutputTT.shp,PRIMARY_NE,-1,-1;PRIMARY_OL "PRIMARY_OL" true true false 15 Text 0 0 ,First,#,\\ROVFPS\Departments\GIS\ROV_Precincts\Regular Precincts\Export_OutputTT.shp,PRIMARY_OL,-1,-1;SECONDARY "SECONDARY" true true false 10 Text 0 0 ,First,#,\\ROVFPS\Departments\GIS\ROV_Precincts\Regular Precincts\Export_OutputTT.shp,SECONDARY,-1,-1;PRECINCT_A "PRECINCT_A" true true false 20 Text 0 0 ,First,#,\\ROVFPS\Departments\GIS\ROV_Precincts\Regular Precincts\Export_OutputTT.shp,PRECINCT_A,-1,-1;JOINED_REM "JOINED_REM" true true false 254 Text 0 0 ,First,#,\\ROVFPS\Departments\GIS\ROV_Precincts\Regular Precincts\Export_OutputTT.shp,JOINED_REM,-1,-1;Shape_Leng "Shape_Leng" true true false 19 Double 0 0 ,First,#,\\ROVFPS\Departments\GIS\ROV_Precincts\Regular Precincts\Export_OutputTT.shp,Shape_Leng,-1,-1;Shape_Area "Shape_Area" true true false 19 Double 0 0 ,First,#,\\ROVFPS\Departments\GIS\ROV_Precincts\Regular Precincts\Export_OutputTT.shp,Shape_Area,-1,-1" #</Process><Process ToolSource="c:\program files (x86)\arcgis\desktop10.2\ArcToolbox\Toolboxes\Conversion Tools.tbx\FeatureClassToFeatureClass" Date="20140721" Time="134149">FeatureClassToFeatureClass \\ROVFPS\Departments\GIS\queries_dlaz\Nov2014_Districtcheck\Districtcheck.gdb\RegularPrecincts0721 \\ROVFPS\Departments\GIS\ROV_ARCGisData\ROV_DATA.gdb\REVDATASET Regular_Precincts_0721 # "OBJECTID "OBJECTID" true true false 4 Long 0 0 ,First,#,\\ROVFPS\Departments\GIS\queries_dlaz\Nov2014_Districtcheck\Districtcheck.gdb\RegularPrecincts0721,OBJECTID,-1,-1;ID "ID" true true false 8 Double 0 0 ,First,#,\\ROVFPS\Departments\GIS\queries_dlaz\Nov2014_Districtcheck\Districtcheck.gdb\RegularPrecincts0721,ID,-1,-1;AREA "AREA" true true false 8 Double 0 0 ,First,#,\\ROVFPS\Departments\GIS\queries_dlaz\Nov2014_Districtcheck\Districtcheck.gdb\RegularPrecincts0721,AREA,-1,-1;PRIMARY_NE "PRIMARY_NE" true true false 8 Text 0 0 ,First,#,\\ROVFPS\Departments\GIS\queries_dlaz\Nov2014_Districtcheck\Districtcheck.gdb\RegularPrecincts0721,PRIMARY_NE,-1,-1;PRIMARY_OL "PRIMARY_OL" true true false 15 Text 0 0 ,First,#,\\ROVFPS\Departments\GIS\queries_dlaz\Nov2014_Districtcheck\Districtcheck.gdb\RegularPrecincts0721,PRIMARY_OL,-1,-1;SECONDARY "SECONDARY" true true false 10 Text 0 0 ,First,#,\\ROVFPS\Departments\GIS\queries_dlaz\Nov2014_Districtcheck\Districtcheck.gdb\RegularPrecincts0721,SECONDARY,-1,-1;PRECINCT_A "PRECINCT_A" true true false 20 Text 0 0 ,First,#,\\ROVFPS\Departments\GIS\queries_dlaz\Nov2014_Districtcheck\Districtcheck.gdb\RegularPrecincts0721,PRECINCT_A,-1,-1;JOINED_REM "JOINED_REM" true true false 254 Text 0 0 ,First,#,\\ROVFPS\Departments\GIS\queries_dlaz\Nov2014_Districtcheck\Districtcheck.gdb\RegularPrecincts0721,JOINED_REM,-1,-1;Shape_Leng "Shape_Leng" true true false 8 Double 0 0 ,First,#,\\ROVFPS\Departments\GIS\queries_dlaz\Nov2014_Districtcheck\Districtcheck.gdb\RegularPrecincts0721,Shape_Leng,-1,-1;Shape_Length "Shape_Length" false true true 8 Double 0 0 ,First,#,\\ROVFPS\Departments\GIS\queries_dlaz\Nov2014_Districtcheck\Districtcheck.gdb\RegularPrecincts0721,Shape_Length,-1,-1;Shape_Area "Shape_Area" false true true 8 Double 0 0 ,First,#,\\ROVFPS\Departments\GIS\queries_dlaz\Nov2014_Districtcheck\Districtcheck.gdb\RegularPrecincts0721,Shape_Area,-1,-1" #</Process><Process ToolSource="c:\program files (x86)\arcgis\desktop10.2\ArcToolbox\Toolboxes\Conversion Tools.tbx\FeatureClassToFeatureClass" Date="20150513" Time="073141">FeatureClassToFeatureClass "Database Connections\Connection to TLMAGDB-ROV.sde\GDB_ROV.ROV.ROV_PRECINCTS\GDB_ROV.ROV.REGULAR_PRECINCTS_3230" \\ROVFPS\Departments\GIS\ROV_ARCGisData\RegularPrecinctHistory\2015_REG_PRECINCT\REGULAR_PRECINCT_COPIES.gdb REGPCTS_20150513 # "OBJECTID_1 "OBJECTID_1" true true false 4 Long 0 10 ,First,#,Database Connections\Connection to TLMAGDB-ROV.sde\GDB_ROV.ROV.ROV_PRECINCTS\GDB_ROV.ROV.REGULAR_PRECINCTS_3230,OBJECTID_1,-1,-1;OBJECTID "OBJECTID" true true false 4 Long 0 10 ,First,#,Database Connections\Connection to TLMAGDB-ROV.sde\GDB_ROV.ROV.ROV_PRECINCTS\GDB_ROV.ROV.REGULAR_PRECINCTS_3230,OBJECTID,-1,-1;ID "ID" true true false 8 Double 8 38 ,First,#,Database Connections\Connection to TLMAGDB-ROV.sde\GDB_ROV.ROV.ROV_PRECINCTS\GDB_ROV.ROV.REGULAR_PRECINCTS_3230,ID,-1,-1;AREA "AREA" true true false 8 Double 8 38 ,First,#,Database Connections\Connection to TLMAGDB-ROV.sde\GDB_ROV.ROV.ROV_PRECINCTS\GDB_ROV.ROV.REGULAR_PRECINCTS_3230,GDB_ROV.ROV.REGULAR_PRECINCTS_3230.AREA,-1,-1;PRIMARY_NE "PRIMARY_NE" true true false 8 Text 0 0 ,First,#,Database Connections\Connection to TLMAGDB-ROV.sde\GDB_ROV.ROV.ROV_PRECINCTS\GDB_ROV.ROV.REGULAR_PRECINCTS_3230,PRIMARY_NE,-1,-1;PRIMARY_OL "PRIMARY_OL" true true false 15 Text 0 0 ,First,#,Database Connections\Connection to TLMAGDB-ROV.sde\GDB_ROV.ROV.ROV_PRECINCTS\GDB_ROV.ROV.REGULAR_PRECINCTS_3230,PRIMARY_OL,-1,-1;SECONDARY "SECONDARY" true true false 10 Text 0 0 ,First,#,Database Connections\Connection to TLMAGDB-ROV.sde\GDB_ROV.ROV.ROV_PRECINCTS\GDB_ROV.ROV.REGULAR_PRECINCTS_3230,SECONDARY,-1,-1;PRECINCT_A "PRECINCT_A" true true false 20 Text 0 0 ,First,#,Database Connections\Connection to TLMAGDB-ROV.sde\GDB_ROV.ROV.ROV_PRECINCTS\GDB_ROV.ROV.REGULAR_PRECINCTS_3230,PRECINCT_A,-1,-1;JOINED_REM "JOINED_REM" true true false 254 Text 0 0 ,First,#,Database Connections\Connection to TLMAGDB-ROV.sde\GDB_ROV.ROV.ROV_PRECINCTS\GDB_ROV.ROV.REGULAR_PRECINCTS_3230,JOINED_REM,-1,-1;Shape_Leng "Shape_Leng" true true false 8 Double 8 38 ,First,#,Database Connections\Connection to TLMAGDB-ROV.sde\GDB_ROV.ROV.ROV_PRECINCTS\GDB_ROV.ROV.REGULAR_PRECINCTS_3230,Shape_Leng,-1,-1;Shape_Le_1 "Shape_Le_1" true true false 8 Double 8 38 ,First,#,Database Connections\Connection to TLMAGDB-ROV.sde\GDB_ROV.ROV.ROV_PRECINCTS\GDB_ROV.ROV.REGULAR_PRECINCTS_3230,Shape_Le_1,-1,-1;Shape_STArea__ "Shape_STArea__" false false true 0 Double 0 0 ,First,#,Database Connections\Connection to TLMAGDB-ROV.sde\GDB_ROV.ROV.ROV_PRECINCTS\GDB_ROV.ROV.REGULAR_PRECINCTS_3230,Shape.STArea(),-1,-1;Shape_STLength__ "Shape_STLength__" false false true 0 Double 0 0 ,First,#,Database Connections\Connection to TLMAGDB-ROV.sde\GDB_ROV.ROV.ROV_PRECINCTS\GDB_ROV.ROV.REGULAR_PRECINCTS_3230,Shape.STLength(),-1,-1" #</Process><Process ToolSource="c:\program files (x86)\arcgis\desktop10.2\ArcToolbox\Toolboxes\Conversion Tools.tbx\FeatureClassToFeatureClass" Date="20150520" Time="112105">FeatureClassToFeatureClass \\ROVFPS\Departments\GIS\ROV_ARCGisData\RegularPrecinctHistory\2015_REG_PRECINCT\REGULAR_PRECINCT_COPIES.gdb\REGPCTS_20150513 "Database Connections\Connection to TLMAGDB-ROV.sde\GDB_ROV.ROV.ROV_PRECINCTS" REGULAR_PRECINCTS # "OBJECTID_1 "OBJECTID_1" true true false 4 Long 0 0 ,First,#,\\ROVFPS\Departments\GIS\ROV_ARCGisData\RegularPrecinctHistory\2015_REG_PRECINCT\REGULAR_PRECINCT_COPIES.gdb\REGPCTS_20150513,OBJECTID_1,-1,-1;OBJECTID "OBJECTID" true true false 4 Long 0 0 ,First,#,\\ROVFPS\Departments\GIS\ROV_ARCGisData\RegularPrecinctHistory\2015_REG_PRECINCT\REGULAR_PRECINCT_COPIES.gdb\REGPCTS_20150513,OBJECTID,-1,-1;ID "ID" true true false 8 Double 0 0 ,First,#,\\ROVFPS\Departments\GIS\ROV_ARCGisData\RegularPrecinctHistory\2015_REG_PRECINCT\REGULAR_PRECINCT_COPIES.gdb\REGPCTS_20150513,ID,-1,-1;AREA "AREA" true true false 8 Double 0 0 ,First,#,\\ROVFPS\Departments\GIS\ROV_ARCGisData\RegularPrecinctHistory\2015_REG_PRECINCT\REGULAR_PRECINCT_COPIES.gdb\REGPCTS_20150513,AREA,-1,-1;PRIMARY_NE "PRIMARY_NE" true true false 8 Text 0 0 ,First,#,\\ROVFPS\Departments\GIS\ROV_ARCGisData\RegularPrecinctHistory\2015_REG_PRECINCT\REGULAR_PRECINCT_COPIES.gdb\REGPCTS_20150513,PRIMARY_NE,-1,-1;PRIMARY_OL "PRIMARY_OL" true true false 15 Text 0 0 ,First,#,\\ROVFPS\Departments\GIS\ROV_ARCGisData\RegularPrecinctHistory\2015_REG_PRECINCT\REGULAR_PRECINCT_COPIES.gdb\REGPCTS_20150513,PRIMARY_OL,-1,-1;SECONDARY "SECONDARY" true true false 10 Text 0 0 ,First,#,\\ROVFPS\Departments\GIS\ROV_ARCGisData\RegularPrecinctHistory\2015_REG_PRECINCT\REGULAR_PRECINCT_COPIES.gdb\REGPCTS_20150513,SECONDARY,-1,-1;PRECINCT_A "PRECINCT_A" true true false 20 Text 0 0 ,First,#,\\ROVFPS\Departments\GIS\ROV_ARCGisData\RegularPrecinctHistory\2015_REG_PRECINCT\REGULAR_PRECINCT_COPIES.gdb\REGPCTS_20150513,PRECINCT_A,-1,-1;JOINED_REM "JOINED_REM" true true false 254 Text 0 0 ,First,#,\\ROVFPS\Departments\GIS\ROV_ARCGisData\RegularPrecinctHistory\2015_REG_PRECINCT\REGULAR_PRECINCT_COPIES.gdb\REGPCTS_20150513,JOINED_REM,-1,-1;Shape_Leng "Shape_Leng" true true false 8 Double 0 0 ,First,#,\\ROVFPS\Departments\GIS\ROV_ARCGisData\RegularPrecinctHistory\2015_REG_PRECINCT\REGULAR_PRECINCT_COPIES.gdb\REGPCTS_20150513,Shape_Leng,-1,-1;Shape_Le_1 "Shape_Le_1" true true false 8 Double 0 0 ,First,#,\\ROVFPS\Departments\GIS\ROV_ARCGisData\RegularPrecinctHistory\2015_REG_PRECINCT\REGULAR_PRECINCT_COPIES.gdb\REGPCTS_20150513,Shape_Le_1,-1,-1;Shape_STArea__ "Shape_STArea__" true false false 8 Double 0 0 ,First,#,\\ROVFPS\Departments\GIS\ROV_ARCGisData\RegularPrecinctHistory\2015_REG_PRECINCT\REGULAR_PRECINCT_COPIES.gdb\REGPCTS_20150513,Shape_STArea__,-1,-1;Shape_STLength__ "Shape_STLength__" true false false 8 Double 0 0 ,First,#,\\ROVFPS\Departments\GIS\ROV_ARCGisData\RegularPrecinctHistory\2015_REG_PRECINCT\REGULAR_PRECINCT_COPIES.gdb\REGPCTS_20150513,Shape_STLength__,-1,-1;Shape_Length "Shape_Length" false true true 8 Double 0 0 ,First,#,\\ROVFPS\Departments\GIS\ROV_ARCGisData\RegularPrecinctHistory\2015_REG_PRECINCT\REGULAR_PRECINCT_COPIES.gdb\REGPCTS_20150513,Shape_Length,-1,-1;Shape_Area "Shape_Area" false true true 8 Double 0 0 ,First,#,\\ROVFPS\Departments\GIS\ROV_ARCGisData\RegularPrecinctHistory\2015_REG_PRECINCT\REGULAR_PRECINCT_COPIES.gdb\REGPCTS_20150513,Shape_Area,-1,-1" #</Process><Process Name="0 (2)" ToolSource="c:\program files (x86)\arcgis\desktop10.3\ArcToolbox\Toolboxes\Data Management Tools.tbx\CopyFeatures" Date="20160906" Time="131054">CopyFeatures REGPCTS Z:\ROV_ARCGisData\GIS_PROJECTS\Consolidate_Precincts\09062016d\GDB\Final_Layers.gdb\precinct_copy # 0 0 0</Process><Process Name="Join Field (2)" ToolSource="c:\program files (x86)\arcgis\desktop10.3\ArcToolbox\Toolboxes\Data Management Tools.tbx\JoinField" Date="20160906" Time="131230">JoinField Z:\ROV_ARCGisData\GIS_PROJECTS\Consolidate_Precincts\09062016d\GDB\Final_Layers.gdb\precinct_copy PRIMARY_NE Z:\ROV_ARCGisData\GIS_PROJECTS\Consolidate_Precincts\09062016d\GDB\Final_Tables.gdb\Temp_table_final PRIMARY_NE #</Process><Process Name="Select" ToolSource="c:\program files (x86)\arcgis\desktop10.3\ArcToolbox\Toolboxes\Analysis Tools.tbx\Select" Date="20160906" Time="131238">Select Z:\ROV_ARCGisData\GIS_PROJECTS\Consolidate_Precincts\09062016d\GDB\Final_Layers.gdb\precinct_copy Z:\ROV_ARCGisData\GIS_PROJECTS\Consolidate_Precincts\09062016d\GDB\Final_Layers.gdb\consolidated_precincts "sPrecinctID IS NOT NULL"</Process><Process Name="Dissolve (2)" ToolSource="c:\program files (x86)\arcgis\desktop10.3\ArcToolbox\Toolboxes\Data Management Tools.tbx\Dissolve" Date="20160906" Time="131342">Dissolve Z:\ROV_ARCGisData\GIS_PROJECTS\Consolidate_Precincts\09062016d\GDB\Final_Layers.gdb\consolidated_precincts Z:\ROV_ARCGisData\GIS_PROJECTS\Consolidate_Precincts\09062016d\GDB\Final_Layers.gdb\pre_final_Voting_Precinct sVotingPrecinct "lTotalRegMinusAbsentee SUM" SINGLE_PART DISSOLVE_LINES</Process><Process Name="Join Field (3)" ToolSource="c:\program files (x86)\arcgis\desktop10.3\ArcToolbox\Toolboxes\Data Management Tools.tbx\JoinField" Date="20160906" Time="131402">JoinField Z:\ROV_ARCGisData\GIS_PROJECTS\Consolidate_Precincts\09062016d\GDB\Final_Layers.gdb\pre_final_Voting_Precinct sVotingPrecinct Z:\ROV_ARCGisData\GIS_PROJECTS\Consolidate_Precincts\09062016d\GDB\Processing.gdb\frequency_for_non_contiguous sVotingPrecinct #</Process><Process Name="Add Field" ToolSource="c:\program files (x86)\arcgis\desktop10.3\ArcToolbox\Toolboxes\Data Management Tools.tbx\AddField" Date="20160906" Time="131516">AddField Z:\ROV_ARCGisData\GIS_PROJECTS\Consolidate_Precincts\09062016d\GDB\Final_Layers.gdb\pre_final_Voting_Precinct VPMapping TEXT # # # # NULLABLE NON_REQUIRED #</Process><Process Name="Join Field (5)" ToolSource="c:\program files (x86)\arcgis\desktop10.3\ArcToolbox\Toolboxes\Data Management Tools.tbx\JoinField" Date="20160906" Time="131534">JoinField Z:\ROV_ARCGisData\GIS_PROJECTS\Consolidate_Precincts\09062016d\GDB\Final_Layers.gdb\pre_final_Voting_Precinct sVotingPrecinct Precinct_LUT sVotingPrecinct #</Process><Process Name="Calculate Field" ToolSource="c:\program files (x86)\arcgis\desktop10.3\ArcToolbox\Toolboxes\Data Management Tools.tbx\CalculateField" Date="20160906" Time="131537">CalculateField Z:\ROV_ARCGisData\GIS_PROJECTS\Consolidate_Precincts\09062016d\GDB\Final_Layers.gdb\pre_final_Voting_Precinct VPMapping [PRIMARY_NE] VB #</Process><Process Name="Copy Features" ToolSource="c:\program files (x86)\arcgis\desktop10.3\ArcToolbox\Toolboxes\Data Management Tools.tbx\CopyFeatures" Date="20160906" Time="131547">CopyFeatures Z:\ROV_ARCGisData\GIS_PROJECTS\Consolidate_Precincts\09062016d\GDB\Final_Layers.gdb\pre_final_Voting_Precinct Z:\ROV_ARCGisData\GIS_PROJECTS\Consolidate_Precincts\09062016d\GDB\Final_Layers.gdb\prefinal_Voting_Precinct # 0 0 0</Process><Process Name="Join Field (6)" ToolSource="c:\program files (x86)\arcgis\desktop10.3\ArcToolbox\Toolboxes\Data Management Tools.tbx\JoinField" Date="20160906" Time="131605">JoinField Z:\ROV_ARCGisData\GIS_PROJECTS\Consolidate_Precincts\09062016d\GDB\Final_Layers.gdb\prefinal_Voting_Precinct sVotingPrecinct Z:\ROV_ARCGisData\GIS_PROJECTS\Consolidate_Precincts\09062016d\GDB\Final_Layers.gdb\final_MB_precinct sVotingPrecinct #</Process><Process Name="0 (4)" ToolSource="c:\program files (x86)\arcgis\desktop10.3\ArcToolbox\Toolboxes\Data Management Tools.tbx\Dissolve" Date="20160906" Time="131610">Dissolve Z:\ROV_ARCGisData\GIS_PROJECTS\Consolidate_Precincts\09062016d\GDB\Final_Layers.gdb\prefinal_Voting_Precinct Z:\ROV_ARCGisData\GIS_PROJECTS\Consolidate_Precincts\09062016d\GDB\Final_Layers.gdb\final_Voting_Precinct sVotingPrecinct;SUM_lTotalRegMinusAbsentee;VPMapping # MULTI_PART DISSOLVE_LINES</Process><Process Name="Join Field (7)" ToolSource="c:\program files (x86)\arcgis\desktop10.3\ArcToolbox\Toolboxes\Data Management Tools.tbx\JoinField" Date="20160906" Time="131628">JoinField Z:\ROV_ARCGisData\GIS_PROJECTS\Consolidate_Precincts\09062016d\GDB\Final_Layers.gdb\final_Voting_Precinct sVotingPrecinct Z:\ROV_ARCGisData\GIS_PROJECTS\Consolidate_Precincts\09062016d\GDB\Final_Layers.gdb\final_MB_precinct sVotingPrecinct #</Process><Process Name="Join Field (11)" ToolSource="c:\program files (x86)\arcgis\desktop10.3\ArcToolbox\Toolboxes\Data Management Tools.tbx\JoinField" Date="20160906" Time="131835">JoinField Z:\ROV_ARCGisData\GIS_PROJECTS\Consolidate_Precincts\09062016d\GDB\Final_Layers.gdb\final_Voting_Precinct sVotingPrecinct Z:\ROV_ARCGisData\GIS_PROJECTS\Consolidate_Precincts\09062016d\GDB\Processing.gdb\tbl_Gross_stats sVotingPrecinct #</Process></lineage><itemProps><itemName Sync="TRUE">Voting_precincts_Nov_2016</itemName><imsContentType Sync="TRUE">002</imsContentType><itemLocation><linkage Sync="TRUE">file://\\rovfps\Departments\GIS\ROV_ARCGisData\GIS_PROJECTS\Chris\Voting Precinct Nov 2016\Voting_precincts_Nov_2016.shp</linkage><protocol Sync="TRUE">Local Area Network</protocol></itemLocation><nativeExtBox><westBL Sync="TRUE">6128736.124294</westBL><eastBL Sync="TRUE">7111604.311113</eastBL><southBL Sync="TRUE">2098700.951532</southBL><northBL Sync="TRUE">2341276.643217</northBL><exTypeCode Sync="TRUE">1</exTypeCode></nativeExtBox><itemSize Sync="TRUE">0.000</itemSize></itemProps><coordRef><type Sync="TRUE">Projected</type><geogcsn Sync="TRUE">GCS_North_American_1983</geogcsn><csUnits Sync="TRUE">Linear Unit: Foot_US (0.304801)</csUnits><projcsn Sync="TRUE">NAD_1983_StatePlane_California_VI_FIPS_0406_Feet</projcsn><peXml Sync="TRUE">&lt;ProjectedCoordinateSystem xsi:type='typens:ProjectedCoordinateSystem' xmlns:xsi='http://www.w3.org/2001/XMLSchema-instance' xmlns:xs='http://www.w3.org/2001/XMLSchema' xmlns:typens='http://www.esri.com/schemas/ArcGIS/10.3'&gt;&lt;WKT&gt;PROJCS[&amp;quot;NAD_1983_StatePlane_California_VI_FIPS_0406_Feet&amp;quot;,GEOGCS[&amp;quot;GCS_North_American_1983&amp;quot;,DATUM[&amp;quot;D_North_American_1983&amp;quot;,SPHEROID[&amp;quot;GRS_1980&amp;quot;,6378137.0,298.257222101]],PRIMEM[&amp;quot;Greenwich&amp;quot;,0.0],UNIT[&amp;quot;Degree&amp;quot;,0.0174532925199433]],PROJECTION[&amp;quot;Lambert_Conformal_Conic&amp;quot;],PARAMETER[&amp;quot;False_Easting&amp;quot;,6561666.666666666],PARAMETER[&amp;quot;False_Northing&amp;quot;,1640416.666666667],PARAMETER[&amp;quot;Central_Meridian&amp;quot;,-116.25],PARAMETER[&amp;quot;Standard_Parallel_1&amp;quot;,32.78333333333333],PARAMETER[&amp;quot;Standard_Parallel_2&amp;quot;,33.88333333333333],PARAMETER[&amp;quot;Latitude_Of_Origin&amp;quot;,32.16666666666666],UNIT[&amp;quot;Foot_US&amp;quot;,0.3048006096012192],AUTHORITY[&amp;quot;EPSG&amp;quot;,2230]]&lt;/WKT&gt;&lt;XOrigin&gt;-118608900&lt;/XOrigin&gt;&lt;YOrigin&gt;-91259500&lt;/YOrigin&gt;&lt;XYScale&gt;35979706.307677768&lt;/XYScale&gt;&lt;ZOrigin&gt;-100000&lt;/ZOrigin&gt;&lt;ZScale&gt;10000&lt;/ZScale&gt;&lt;MOrigin&gt;-100000&lt;/MOrigin&gt;&lt;MScale&gt;10000&lt;/MScale&gt;&lt;XYTolerance&gt;0.0032808333333333331&lt;/XYTolerance&gt;&lt;ZTolerance&gt;0.001&lt;/ZTolerance&gt;&lt;MTolerance&gt;0.001&lt;/MTolerance&gt;&lt;HighPrecision&gt;true&lt;/HighPrecision&gt;&lt;WKID&gt;102646&lt;/WKID&gt;&lt;LatestWKID&gt;2230&lt;/LatestWKID&gt;&lt;/ProjectedCoordinateSystem&gt;</peXml></coordRef></DataProperties><SyncDate>20161003</SyncDate><SyncTime>17055600</SyncTime><ModDate>20161003</ModDate><ModTime>17055600</ModTime><ArcGISstyle>FGDC CSDGM Metadata</ArcGISstyle></Esri><dataIdInfo><envirDesc Sync="TRUE">Microsoft Windows 7 Version 6.1 (Build 7601) Service Pack 1; Esri ArcGIS 10.3.1.4959</envirDesc><dataLang><languageCode value="eng" Sync="TRUE"/><countryCode value="USA" Sync="TRUE"/></dataLang><idCitation><resTitle Sync="TRUE">Voting_precincts_Nov_2016</resTitle><presForm><PresFormCd value="005" Sync="TRUE"/></presForm></idCitation><spatRpType><SpatRepTypCd value="001" Sync="TRUE"/></spatRpType><dataExt><geoEle><GeoBndBox esriExtentType="search"><exTypeCode Sync="TRUE">1</exTypeCode><westBL Sync="TRUE">-117.679754</westBL><eastBL Sync="TRUE">-114.433900</eastBL><northBL Sync="TRUE">34.092797</northBL><southBL Sync="TRUE">33.413133</southBL></GeoBndBox></geoEle></dataExt></dataIdInfo><mdLang><languageCode value="eng" Sync="TRUE"/><countryCode value="USA" Sync="TRUE"/></mdLang><distInfo><distFormat><formatName Sync="TRUE">Shapefile</formatName></distFormat><distTranOps><transSize Sync="TRUE">0.000</transSize></distTranOps></distInfo><mdHrLv><ScopeCd value="005" Sync="TRUE"/></mdHrLv><mdHrLvName Sync="TRUE">dataset</mdHrLvName><refSysInfo><RefSystem><refSysID><identCode code="2230" Sync="TRUE"/><idCodeSpace Sync="TRUE">EPSG</idCodeSpace><idVersion Sync="TRUE">8.6.2</idVersion></refSysID></RefSystem></refSysInfo><spatRepInfo><VectSpatRep><geometObjs Name="Voting_precincts_Nov_2016"><geoObjTyp><GeoObjTypCd value="002" Sync="TRUE"></GeoObjTypCd></geoObjTyp><geoObjCnt Sync="TRUE">0</geoObjCnt></geometObjs><topLvl><TopoLevCd value="001" Sync="TRUE"></TopoLevCd></topLvl></VectSpatRep></spatRepInfo><spdoinfo><ptvctinf><esriterm Name="Voting_precincts_Nov_2016"><efeatyp Sync="TRUE">Simple</efeatyp><efeageom code="4" Sync="TRUE"></efeageom><esritopo Sync="TRUE">FALSE</esritopo><efeacnt Sync="TRUE">0</efeacnt><spindex Sync="TRUE">FALSE</spindex><linrefer Sync="TRUE">FALSE</linrefer></esriterm></ptvctinf></spdoinfo><eainfo><detailed Name="Voting_precincts_Nov_2016"><enttyp><enttypl Sync="TRUE">Voting_precincts_Nov_2016</enttypl><enttypt Sync="TRUE">Feature Class</enttypt><enttypc Sync="TRUE">0</enttypc></enttyp><attr><attrlabl Sync="TRUE">FID</attrlabl><attalias Sync="TRUE">FID</attalias><attrtype Sync="TRUE">OID</attrtype><attwidth Sync="TRUE">4</attwidth><atprecis Sync="TRUE">0</atprecis><attscale Sync="TRUE">0</attscale><attrdef Sync="TRUE">Internal feature number.</attrdef><attrdefs Sync="TRUE">Esri</attrdefs><attrdomv><udom Sync="TRUE">Sequential unique whole numbers that are automatically generated.</udom></attrdomv></attr><attr><attrlabl Sync="TRUE">Shape</attrlabl><attalias Sync="TRUE">Shape</attalias><attrtype Sync="TRUE">Geometry</attrtype><attwidth Sync="TRUE">0</attwidth><atprecis Sync="TRUE">0</atprecis><attscale Sync="TRUE">0</attscale><attrdef Sync="TRUE">Feature geometry.</attrdef><attrdefs Sync="TRUE">Esri</attrdefs><attrdomv><udom Sync="TRUE">Coordinates defining the features.</udom></attrdomv></attr><attr><attrlabl Sync="TRUE">sVotingPre</attrlabl><attalias Sync="TRUE">sVotingPre</attalias><attrtype Sync="TRUE">Double</attrtype><attwidth Sync="TRUE">19</attwidth><atprecis Sync="TRUE">0</atprecis><attscale Sync="TRUE">0</attscale></attr><attr><attrlabl Sync="TRUE">SUM_lTotal</attrlabl><attalias Sync="TRUE">SUM_lTotal</attalias><attrtype Sync="TRUE">Double</attrtype><attwidth Sync="TRUE">19</attwidth><atprecis Sync="TRUE">0</atprecis><attscale Sync="TRUE">0</attscale></attr><attr><attrlabl Sync="TRUE">VPMapping</attrlabl><attalias Sync="TRUE">VPMapping</attalias><attrtype Sync="TRUE">String</attrtype><attwidth Sync="TRUE">254</attwidth><atprecis Sync="TRUE">0</atprecis><attscale Sync="TRUE">0</attscale></attr></detailed></eainfo><mdDateSt Sync="TRUE">20161003</mdDateSt></metadata>
